"OBJECTID","ID_0","ISO","NAME_0","ID_1","NAME_1","ID_2","NAME_2","TYPE_2","ENGTYPE_2","NL_NAME_2","VARNAME_2"
1,161,"NIC","Nicaragua",1,"Atlántico Norte",1,"Bonanza","Municipio","Municipality",NA,NA
2,161,"NIC","Nicaragua",1,"Atlántico Norte",2,"Prinzapolka","Municipio","Municipality",NA,NA
3,161,"NIC","Nicaragua",1,"Atlántico Norte",3,"Puerto Cabezas","Municipio","Municipality",NA,NA
4,161,"NIC","Nicaragua",1,"Atlántico Norte",4,"Rosita","Municipio","Municipality",NA,NA
5,161,"NIC","Nicaragua",1,"Atlántico Norte",5,"Siuna","Municipio","Municipality",NA,NA
6,161,"NIC","Nicaragua",1,"Atlántico Norte",6,"Waslala","Municipio","Municipality",NA,NA
7,161,"NIC","Nicaragua",1,"Atlántico Norte",7,"Waspán","Municipio","Municipality",NA,"Waspam"
8,161,"NIC","Nicaragua",2,"Atlántico Sur",8,"Bluefields","Municipio","Municipality",NA,NA
9,161,"NIC","Nicaragua",2,"Atlántico Sur",9,"Bocana de Paiwas","Municipio","Municipality",NA,"Bocanas de Paiwa"
10,161,"NIC","Nicaragua",2,"Atlántico Sur",10,"El Rama","Municipio","Municipality",NA,NA
11,161,"NIC","Nicaragua",2,"Atlántico Sur",11,"Kukra Hill","Municipio","Municipality",NA,NA
12,161,"NIC","Nicaragua",2,"Atlántico Sur",12,"La Cruz de Río Grande","Municipio","Municipality",NA,NA
13,161,"NIC","Nicaragua",2,"Atlántico Sur",13,"Laguna de Perlas","Municipio","Municipality",NA,NA
14,161,"NIC","Nicaragua",2,"Atlántico Sur",14,"Muelle de los Bueyes","Municipio","Municipality",NA,NA
15,161,"NIC","Nicaragua",2,"Atlántico Sur",15,"Nueva Guinea","Municipio","Municipality",NA,NA
16,161,"NIC","Nicaragua",3,"Boaco",16,"Boaco","Municipio","Municipality",NA,NA
17,161,"NIC","Nicaragua",3,"Boaco",17,"Camoapa","Municipio","Municipality",NA,NA
18,161,"NIC","Nicaragua",3,"Boaco",18,"San José de los Remates","Municipio","Municipality",NA,NA
19,161,"NIC","Nicaragua",3,"Boaco",19,"San Lorenzo","Municipio","Municipality",NA,NA
20,161,"NIC","Nicaragua",3,"Boaco",20,"Santa Lucía","Municipio","Municipality",NA,NA
21,161,"NIC","Nicaragua",3,"Boaco",21,"Teustepe","Municipio","Municipality",NA,NA
22,161,"NIC","Nicaragua",4,"Carazo",22,"Diriamba","Municipio","Municipality",NA,NA
23,161,"NIC","Nicaragua",4,"Carazo",23,"Dolores","Municipio","Municipality",NA,NA
24,161,"NIC","Nicaragua",4,"Carazo",24,"El Rosario","Municipio","Municipality",NA,NA
25,161,"NIC","Nicaragua",4,"Carazo",25,"Jinotepe","Municipio","Municipality",NA,NA
26,161,"NIC","Nicaragua",4,"Carazo",26,"La Conquista","Municipio","Municipality",NA,"La ConquiSanta"
27,161,"NIC","Nicaragua",4,"Carazo",27,"La Paz de Carazo","Municipio","Municipality",NA,NA
28,161,"NIC","Nicaragua",4,"Carazo",28,"San Marcos","Municipio","Municipality",NA,NA
29,161,"NIC","Nicaragua",5,"Chinandega",29,"Chichigalpa","Municipio","Municipality",NA,NA
30,161,"NIC","Nicaragua",5,"Chinandega",30,"Chinandega","Municipio","Municipality",NA,NA
31,161,"NIC","Nicaragua",5,"Chinandega",31,"Cinco Pinos","Municipio","Municipality",NA,NA
32,161,"NIC","Nicaragua",5,"Chinandega",32,"Corinto","Municipio","Municipality",NA,NA
33,161,"NIC","Nicaragua",5,"Chinandega",33,"El Realejo","Municipio","Municipality",NA,NA
34,161,"NIC","Nicaragua",5,"Chinandega",34,"El Viejo","Municipio","Municipality",NA,NA
35,161,"NIC","Nicaragua",5,"Chinandega",35,"Posoltega","Municipio","Municipality",NA,NA
36,161,"NIC","Nicaragua",5,"Chinandega",36,"Puerto Morazán","Municipio","Municipality",NA,NA
37,161,"NIC","Nicaragua",5,"Chinandega",37,"San Francisco del Norte","Municipio","Municipality",NA,"San Fransico del Norte"
38,161,"NIC","Nicaragua",5,"Chinandega",38,"San Pedro del Norte","Municipio","Municipality",NA,NA
39,161,"NIC","Nicaragua",5,"Chinandega",39,"Somotillo","Municipio","Municipality",NA,NA
40,161,"NIC","Nicaragua",5,"Chinandega",40,"Villanueva","Municipio","Municipality",NA,NA
41,161,"NIC","Nicaragua",6,"Chontales",41,"Acoyapa","Municipio","Municipality",NA,NA
42,161,"NIC","Nicaragua",6,"Chontales",42,"Comalapa","Municipio","Municipality",NA,NA
43,161,"NIC","Nicaragua",6,"Chontales",43,"Juigalpa","Municipio","Municipality",NA,NA
44,161,"NIC","Nicaragua",6,"Chontales",44,"La Libertad","Municipio","Municipality",NA,NA
45,161,"NIC","Nicaragua",6,"Chontales",45,"San Pedro de Lóvago","Municipio","Municipality",NA,NA
46,161,"NIC","Nicaragua",6,"Chontales",46,"Santo Domingo","Municipio","Municipality",NA,NA
47,161,"NIC","Nicaragua",6,"Chontales",47,"Santo Tomás","Municipio","Municipality",NA,NA
48,161,"NIC","Nicaragua",6,"Chontales",48,"Villa Sandino","Municipio","Municipality",NA,NA
49,161,"NIC","Nicaragua",7,"Estelí",49,"Condega","Municipio","Municipality",NA,NA
50,161,"NIC","Nicaragua",7,"Estelí",50,"Estelí","Municipio","Municipality",NA,NA
51,161,"NIC","Nicaragua",7,"Estelí",51,"La Trinidad","Municipio","Municipality",NA,NA
52,161,"NIC","Nicaragua",7,"Estelí",52,"Pueblo Nuevo","Municipio","Municipality",NA,"Plueblo Nuevo"
53,161,"NIC","Nicaragua",7,"Estelí",53,"San Juan de Limay","Municipio","Municipality",NA,NA
54,161,"NIC","Nicaragua",7,"Estelí",54,"San Nicolás","Municipio","Municipality",NA,NA
55,161,"NIC","Nicaragua",8,"Granada",55,"Diriá","Municipio","Municipality",NA,"Diri"
56,161,"NIC","Nicaragua",8,"Granada",56,"Diriomo","Municipio","Municipality",NA,NA
57,161,"NIC","Nicaragua",8,"Granada",57,"Granada","Municipio","Municipality",NA,NA
58,161,"NIC","Nicaragua",8,"Granada",58,"Nandaime","Municipio","Municipality",NA,NA
59,161,"NIC","Nicaragua",9,"Jinotega",59,"El Cuá","Municipio","Municipality",NA,"El Cu"
60,161,"NIC","Nicaragua",9,"Jinotega",60,"Jinotega","Municipio","Municipality",NA,NA
61,161,"NIC","Nicaragua",9,"Jinotega",61,"La Concordia","Municipio","Municipality",NA,NA
62,161,"NIC","Nicaragua",9,"Jinotega",62,"San Rafael del Norte","Municipio","Municipality",NA,NA
63,161,"NIC","Nicaragua",9,"Jinotega",63,"San Sebastián de Yalí","Municipio","Municipality",NA,NA
64,161,"NIC","Nicaragua",9,"Jinotega",64,"Santa María de Pantasma","Municipio","Municipality",NA,NA
65,161,"NIC","Nicaragua",9,"Jinotega",65,"Wiwilí","Municipio","Municipality",NA,NA
66,161,"NIC","Nicaragua",10,"Lago Nicaragua",66,"Lago de Nicaragua","Water body","Water body",NA,NA
67,161,"NIC","Nicaragua",11,"León",67,"Achuapa","Municipio","Municipality",NA,NA
68,161,"NIC","Nicaragua",11,"León",68,"El Jicaral","Municipio","Municipality",NA,NA
69,161,"NIC","Nicaragua",11,"León",69,"El Sauce","Municipio","Municipality",NA,NA
70,161,"NIC","Nicaragua",11,"León",70,"La Paz Centro","Municipio","Municipality",NA,NA
71,161,"NIC","Nicaragua",11,"León",71,"Larreynaga-Malpaisillo","Municipio","Municipality",NA,NA
72,161,"NIC","Nicaragua",11,"León",72,"León","Municipio","Municipality",NA,NA
73,161,"NIC","Nicaragua",11,"León",73,"Nagarote","Municipio","Municipality",NA,NA
74,161,"NIC","Nicaragua",11,"León",74,"Quezalguaque","Municipio","Municipality",NA,NA
75,161,"NIC","Nicaragua",11,"León",75,"Santa Rosa del Peñón","Municipio","Municipality",NA,NA
76,161,"NIC","Nicaragua",11,"León",76,"Telica","Municipio","Municipality",NA,NA
77,161,"NIC","Nicaragua",12,"Madriz",77,"Las Sabanas","Municipio","Municipality",NA,NA
78,161,"NIC","Nicaragua",12,"Madriz",78,"Palacagüina","Municipio","Municipality",NA,NA
79,161,"NIC","Nicaragua",12,"Madriz",79,"San José de Cusmapa","Municipio","Municipality",NA,NA
80,161,"NIC","Nicaragua",12,"Madriz",80,"San Juan del Río Coco","Municipio","Municipality",NA,"San Juan del Rio Coco"
81,161,"NIC","Nicaragua",12,"Madriz",81,"San Lucas","Municipio","Municipality",NA,NA
82,161,"NIC","Nicaragua",12,"Madriz",82,"Somoto","Municipio","Municipality",NA,NA
83,161,"NIC","Nicaragua",12,"Madriz",83,"Telpaneca","Municipio","Municipality",NA,NA
84,161,"NIC","Nicaragua",12,"Madriz",84,"Totogalpa","Municipio","Municipality",NA,"Totolgalpa"
85,161,"NIC","Nicaragua",12,"Madriz",85,"Yalagüina","Municipio","Municipality",NA,NA
86,161,"NIC","Nicaragua",13,"Managua",86,"Lago de Managua","Water body","Water body",NA,NA
87,161,"NIC","Nicaragua",13,"Managua",87,"Managua","Municipio","Municipality",NA,NA
88,161,"NIC","Nicaragua",13,"Managua",88,"Mateare","Municipio","Municipality",NA,NA
89,161,"NIC","Nicaragua",13,"Managua",89,"San Francisco Libre","Municipio","Municipality",NA,NA
90,161,"NIC","Nicaragua",13,"Managua",90,"San Rafael del Sur","Municipio","Municipality",NA,NA
91,161,"NIC","Nicaragua",13,"Managua",91,"Ticuantepe","Municipio","Municipality",NA,NA
92,161,"NIC","Nicaragua",13,"Managua",92,"Tipitapa","Municipio","Municipality",NA,NA
93,161,"NIC","Nicaragua",13,"Managua",93,"Villa Carlos Fonseca","Municipio","Municipality",NA,"Villa Carlos Fonseca A"
94,161,"NIC","Nicaragua",14,"Masaya",94,"Catarina","Municipio","Municipality",NA,NA
95,161,"NIC","Nicaragua",14,"Masaya",95,"La Concepción","Municipio","Municipality",NA,NA
96,161,"NIC","Nicaragua",14,"Masaya",96,"Masatepe","Municipio","Municipality",NA,NA
97,161,"NIC","Nicaragua",14,"Masaya",97,"Masaya","Municipio","Municipality",NA,NA
98,161,"NIC","Nicaragua",14,"Masaya",98,"Nandasmo","Municipio","Municipality",NA,NA
99,161,"NIC","Nicaragua",14,"Masaya",99,"Nindirí","Municipio","Municipality",NA,NA
100,161,"NIC","Nicaragua",14,"Masaya",100,"Niquinohomo","Municipio","Municipality",NA,NA
101,161,"NIC","Nicaragua",14,"Masaya",101,"San Juan de Oriente","Municipio","Municipality",NA,NA
102,161,"NIC","Nicaragua",14,"Masaya",102,"Tisma","Municipio","Municipality",NA,NA
103,161,"NIC","Nicaragua",15,"Matagalpa",103,"Ciudad Darío","Municipio","Municipality",NA,NA
104,161,"NIC","Nicaragua",15,"Matagalpa",104,"Esquipulas","Municipio","Municipality",NA,NA
105,161,"NIC","Nicaragua",15,"Matagalpa",105,"Matagalpa","Municipio","Municipality",NA,NA
106,161,"NIC","Nicaragua",15,"Matagalpa",106,"Matiguás","Municipio","Municipality",NA,NA
107,161,"NIC","Nicaragua",15,"Matagalpa",107,"Muy Muy","Municipio","Municipality",NA,NA
108,161,"NIC","Nicaragua",15,"Matagalpa",108,"Rancho Grande","Municipio","Municipality",NA,NA
109,161,"NIC","Nicaragua",15,"Matagalpa",109,"Río Blanco","Municipio","Municipality",NA,NA
110,161,"NIC","Nicaragua",15,"Matagalpa",110,"Sébaco","Municipio","Municipality",NA,NA
111,161,"NIC","Nicaragua",15,"Matagalpa",111,"San Dionisio","Municipio","Municipality",NA,NA
112,161,"NIC","Nicaragua",15,"Matagalpa",112,"San Isidro","Municipio","Municipality",NA,NA
113,161,"NIC","Nicaragua",15,"Matagalpa",113,"San Ramón","Municipio","Municipality",NA,NA
114,161,"NIC","Nicaragua",15,"Matagalpa",114,"Terrabona","Municipio","Municipality",NA,NA
115,161,"NIC","Nicaragua",15,"Matagalpa",115,"Tuma-La Dalia","Municipio","Municipality",NA,"La Dalia"
116,161,"NIC","Nicaragua",16,"Nueva Segovia",116,"Ciudad Antigua","Municipio","Municipality",NA,NA
117,161,"NIC","Nicaragua",16,"Nueva Segovia",117,"Ciudad Sandino","Municipio","Municipality",NA,"El Jícaro"
118,161,"NIC","Nicaragua",16,"Nueva Segovia",118,"Dipilto","Municipio","Municipality",NA,NA
119,161,"NIC","Nicaragua",16,"Nueva Segovia",119,"Jalapa","Municipio","Municipality",NA,NA
120,161,"NIC","Nicaragua",16,"Nueva Segovia",120,"Macuelizo","Municipio","Municipality",NA,NA
121,161,"NIC","Nicaragua",16,"Nueva Segovia",121,"Mozonte","Municipio","Municipality",NA,"Mosonte"
122,161,"NIC","Nicaragua",16,"Nueva Segovia",122,"Murra","Municipio","Municipality",NA,NA
123,161,"NIC","Nicaragua",16,"Nueva Segovia",123,"Ocotal","Municipio","Municipality",NA,NA
124,161,"NIC","Nicaragua",16,"Nueva Segovia",124,"Quilalí","Municipio","Municipality",NA,NA
125,161,"NIC","Nicaragua",16,"Nueva Segovia",125,"San Fernando","Municipio","Municipality",NA,NA
126,161,"NIC","Nicaragua",16,"Nueva Segovia",126,"Santa María","Municipio","Municipality",NA,NA
127,161,"NIC","Nicaragua",17,"Río San Juan",127,"El Almendro","Municipio","Municipality",NA,NA
128,161,"NIC","Nicaragua",17,"Río San Juan",128,"Morrito","Municipio","Municipality",NA,NA
129,161,"NIC","Nicaragua",17,"Río San Juan",129,"San Carlos","Municipio","Municipality",NA,NA
130,161,"NIC","Nicaragua",17,"Río San Juan",130,"San Juan del Norte","Municipio","Municipality",NA,NA
131,161,"NIC","Nicaragua",17,"Río San Juan",131,"San Miguelito","Municipio","Municipality",NA,NA
132,161,"NIC","Nicaragua",18,"Rivas",132,"Altagracia","Municipio","Municipality",NA,NA
133,161,"NIC","Nicaragua",18,"Rivas",133,"Belén","Municipio","Municipality",NA,NA
134,161,"NIC","Nicaragua",18,"Rivas",134,"Buenos Aires","Municipio","Municipality",NA,NA
135,161,"NIC","Nicaragua",18,"Rivas",135,"Moyogalpa","Municipio","Municipality",NA,NA
136,161,"NIC","Nicaragua",18,"Rivas",136,"Potosí","Municipio","Municipality",NA,NA
137,161,"NIC","Nicaragua",18,"Rivas",137,"Rivas","Municipio","Municipality",NA,NA
138,161,"NIC","Nicaragua",18,"Rivas",138,"San Jorge","Municipio","Municipality",NA,NA
139,161,"NIC","Nicaragua",18,"Rivas",139,"Tola","Municipio","Municipality",NA,NA
